175,אביחיל,1383
679,אביאל,812
819,אביגדור,793
1070,אביעזר,883
1115,אביבים,489
1275,אבטליון,436
2052,אביטל,519
472,"אבו גוש",7332
473,"אבו סנאן",13694
652,אבטין,2759
1342,"אבו קורינאת (יישוב)",1569
1375,"אבו תלול",551
113,אדירים,277
182,"אבן יהודה",13704
400,"אבן שמואל",1941
446,אודים,1367
783,"אבן ספיר",728
1046,אוהד,408
1068,אדמית,199
1081,"אבן מנחם",286
1108,אומן,355
1123,אדרת,919
1220,אבירים,216
1311,אבשלום,261
3759,אדורה,440
3786,אבנת,201
3793,"אבני חפץ",1836
4010,אודם,131
4011,"אבני איתן",700
1358,"אום בטין",3443
2024,"אום אל-קוטוף",1071
2710,"אום אל-פחם",54240
31,אופקים,27771
67,"אור הנר",733
278,אושה,483
403,אורים,475
565,אזור,12701
680,אומץ,795
780,אורה,1388
882,אורנים,182
1020,"אור עקיבא",17759
1294,"אור הגנוז",539
2012,אורות,515
2400,"אור יהודה",36706
3760,אורנית,8655
4013,אורטל,352
37,איתן,449
49,אילנייה,487
77,"איילת השחר",1161
294,אילון,980
338,איבים,379
716,אייל,506
785,אחיהוד,859
797,אחיעזר,1782
804,אחיסמך,1382
821,אחוזם,539
850,אחיטוב,1091
886,איתנים,72
1126,אילות,322
1157,אחווה,293
1330,"אחוזת ברק",2208
1336,אירוס,478
2600,אילת,50724
3762,איתמר,1199
41,אליכין,3483
285,אלונים,482
330,אלומות,381
429,"אלוני אבא",970
682,אליקים,884
730,אליפלט,623
868,"אלוני יצחק",270
1145,אלומה,503
1182,"אלון הגליל",1086
1248,אליפז,150
1365,אליאב,361
3579,"אלון מורה",1912
3604,"אלון שבות",3213
4002,אלי-עד,375
4003,"אל -רום",381
4017,"אלוני הבשן",439
478,אכסאל,14245
1316,"אל -עריאן",188
1339,"אל -עזי",187
1359,"אל סייד",3796
23,אמציה,465
204,אלישיב,734
603,אלקוש,302
772,אמונים,966
841,אלישמע,1210
1064,אמירים,813
1125,אלמגור,383
1253,אמנון,313
1309,אלעד,46896
3556,אלמוג,250
3560,אלקנה,3884
3618,אלעזר,2571
3750,"אלפי מנשה",7801
3754,אספר,729
4012,אניעם,536
4301,אפיק,295
529,אעבלין,12990
70,אשדוד,222883
71,אשבול,562
176,אפיקים,1493
188,"אשדות יעקב (מאוחד)",475
199,"אשדות יעקב (איחוד)",996
313,אפק,630
701,ארבל,732
714,ארז,494
740,אשתאול,1267
1152,אשלים,525
1188,אשחר,886
1256,אשרת,551
1276,אשבל,113
1324,ארסוף,178
2021,"אשל הנשיא",349
3570,אריאל,19626
3598,ארגמן,128
3650,אפרת,9116
3722,אשכולות,521
7100,אשקלון,137945
21,"באר אורה",871
155,"באר טוביה",1177
234,ביצרון,1227
399,בארי,1018
450,"בארות יצחק",412
559,"בוסתן הגליל",1257
697,בארותיים,1151
698,בורגתה,1118
762,בטחה,775
1278,"באר מילכה",182
1376,"באר גנים",1024
2043,בחן,1008
2530,"באר יעקב",22851
9000,"באר שבע",207551
482,בועיינה-נוג'ידאת,9467
998,"ביר אל-מכסור",9118
1348,"ביר הדאג'",5265
4001,בוקעאתא,6485
6000,"באקה אל-גרביה",29035
95,"בית אלפא",727
143,"בית זרע",577
242,"בית השיטה",1251
317,"בית אורן",470
322,"בית הלל",799
353,"בית זיד",82
368,בירייה,825
373,"בית הלוי",813
466,"בית דגן",7143
562,"בית אלעזרי",1543
571,"בית גמליאל",982
572,"בית העמק",552
619,"בית גוברין",434
710,"בית זית",1694
723,"בית הגדי",793
1076,"בית ברל",192
3574,"בית אל",6101
3645,"בית הערבה",222
3652,"בית אריה",4955
480,"בית ג'ן",11714
16,"בית ניר",590
159,"בית חנן",575
200,"בית ינאי",404
202,"בית עובד",278
265,"בית יוסף",440
288,"בית יהושע",1076
301,"בית עוזיאל",623
326,"בית יצחק-שער חפר",2112
430,"בית לחם הגלילית",788
604,"בית עריף",1120
672,"בית נקופה",690
751,"בית מאיר",778
756,"בית עזרא",1125
784,"בית נחמיה",887
800,"בית חנניה",902
877,"בית חירות",897
1050,"בית חשמונאי",2195
2033,"בית חלקיה",1176
3575,"בית חורון",1274
94,בלפוריה,491
212,"בית צבי",273
248,"בית שערים",749
252,"ביתן אהרן",376
365,"בית קשת",648
386,"בני דרור",1224
592,"בני דרום",780
598,"בית קמה",1445
712,"בן עמי",776
747,"בית שקמה",876
760,"בן זכאי",1078
848,"בית רבן",1222
1084,"בן שמן (כפר נוער)",630
1162,"בית רימון",684
1368,"בני דקלים",884
2013,"בן שמן (מושב)",862
2610,"בית שמש",114371
3780,"ביתר עילית",54557
6100,"בני ברק",193774
9200,"בית שאן",17704
389,בצרה,1188
418,"בני ציון",1401
448,"בני עטרות",972
588,"בני ראם",1356
589,בצת,263
685,בניה,805
823,"בר גיורא",670
864,בקוע,724
1066,"בני עי""ש",6998
1191,"בר יוחאי",1015
1363,"בני נצרים",671
3612,בקעות,184
3744,ברוכין,919
4015,"בני יהודה",1049
9800,"בנימינה-גבעת עדה*",15634
483,בענה,8110
944,"בסמת טבעון",7735
1326,"בסמ""ה",9536
33,"בת שלמה",647
141,ברק,423
379,גאולים,943
428,"ברור חיל",955
617,ברקאי,559
667,ברעם,585
746,ברכיה,1212
872,"גאולי תימן",365
1319,"בת חפר",5445
1323,"בת הדר",767
1361,"בת חן",407
2038,ברקת,1968
2060,ברוש,483
3654,ברקן,1825
3710,ברכה,2468
3794,"בת עין",1428
6200,"בת ים",128655
86,גבע,624
147,"גבעת ברנר",2669
173,"גבעת חיים (מאוחד)",990
207,"גבעת ח""ן",355
352,גבולות,345
424,גבים,597
683,"גבע כרמל",1200
787,"גבעת יערים",1467
853,גאליה,990
870,"גבעת השלושה",816
1288,"גבעת אלה",1947
1293,"גבעת אבני",1991
1344,"גבעות בר",1024
2014,גבעולים,340
2018,"גבעת חיים (איחוד)",1088
3644,"גבעון החדשה",1139
3730,"גבעת זאב",17323
3763,"גבע בנימין",5409
4021,"גבעת יואב",690
35,גדות,421
133,גבת,908
145,גדיש,384
342,גברעם,457
360,"גבעת ניל""י",760
442,גדעונה,446
566,"גבעת שמש",86
681,"גבעת שמואל",25776
703,"גבעת עוז",487
793,גבעתי,1002
802,"גבעת כ""ח",911
919,"גבעת ישעיהו",846
1077,"גבעת שפירא",414
2550,גדרה,27498
6300,גבעתיים,59518
485,ג'ולס,6273
1292,ג'דיידה-מכר,20613
92,גיניגר,680
196,גיבתון,347
262,גינוסר,592
346,"גליל ים",500
370,גזר,274
393,גלאון,434
457,גזית,702
706,גיאה,973
736,גילת,1411
755,גורן,426
852,גונן,354
863,גינתון,903
1043,גיזו,210
1204,גילון,1040
1206,גיתה,289
1219,"גורנות הגליל",181
3606,גלגל,180
3613,גיתית,457
627,ג'לג'וליה,9836
72,"גן שמואל",905
144,"גן שלמה",550
166,"גן יבנה",23531
225,"גן השומרון",822
239,"גן חיים",823
311,"גן שורק",701
369,"גלעד (אבן יצחק)",485
734,"גן יאשיה",982
745,גמזו,1201
1072,"גן הדרום",599
1274,"גן נר",2700
39,גפן,420
128,"גת רימון",292
218,"גני עם",248
229,"גני תקווה",18240
305,גשר,420
340,"גת (קיבוץ)",779
463,געתון,630
549,"גנות הדר",956
574,"גשר הזיו",1632
836,גנות,616
842,געש,728
862,"גני יוחנן",625
1103,"גני הדר",302
1129,גרופית,257
1371,"גני טל",792
3823,"גני מודיעין",2445
4022,גשור,279
487,"ג'ש (גוש חלב)",3085
541,"ג'סר א-זרקא",14438
628,ג'ת,11644
62,"דגניה א'",752
79,"דגניה ב'",655
146,דבורה,214
300,דלייה,801
336,דורות,812
407,דברת,429
431,דלתון,850
738,דור,420
849,דבירה,935
1067,"דוב""ב",481
2063,דישון,355
2200,דימונה,33666
3747,דולב,1400
475,דחי,665
489,דבורייה,10154
490,"דייר אל-אסד",12106
492,"דייר חנא",10102
493,"דייר ראפאת",88
494,"דאלית אל-כרמל",17201
191,"הדר עם",669
250,הזורע,857
302,דפנה,953
303,דן,736
356,הגושרים,783
675,הבונים,359
702,האון,182
726,הודייה,491
1186,הושעיה,1993
1241,דקל,333
1322,הודיות,360
9700,"הוד השרון",61102
1317,דמיידה,490
1349,דריג'את,1153
307,הזורעים,1030
377,המעפיל,829
423,העוגן,898
434,החותרים,790
677,הסוללים,936
684,היוגב,683
1208,הילה,566
3603,"הר גילה",1568
3769,"הר אדר",4058
44,זוהר,353
464,הראל,271
584,זיקים,734
788,זיתן,1075
815,זבדיאל,514
1133,ורדון,294
1203,הררית,466
1249,הרדוף,1120
1261,"הר עמשא",159
3639,"ורד יריחו",298
6400,הרצלייה,93989
160,חולדה,1067
205,חגלה,871
235,"חבצלת השרון",640
618,חדיד,888
717,חגור,1175
799,זכריה,1079
816,זנוח,486
818,זרחיה,711
1065,זמרת,564
1110,חבר,518
2064,זרועה,415
3764,חגי,596
4026,חד-נס,839
6500,חדרה,93973
9300,"זכרון יעקב",22984
975,זרזיר,7792
1290,זמר,6779
1321,ח'ואלד,503
115,חופית,750
162,חירות,1281
219,"חיבת ציון",666
253,חולתה,654
355,חורשים,310
374,חוקוק,595
662,חוסן,1092
820,חלץ,453
1047,חזון,327
1239,חולית,163
1272,חלוץ,497
3573,חלמיש,1314
3643,חיננית,1295
6600,חולון,192624
496,חורפיש,6231
993,חמאם,1455
1303,חורה,20782
1332,חוסנייה,686
4000,חיפה,281087
13,חצבה,584
90,חפצי-בה,702
280,חניתה,756
343,חמדיה,379
363,"חפץ חיים",530
397,חצרים,808
406,חצור-אשדוד,604
422,"חרב לאת",828
700,חצב,1468
801,חמד,1229
807,חניאל,953
1024,חרוצים,898
1247,חריש,3582
1257,חנתון,878
2034,"חצור הגלילית",9060
3609,חמרה,126
3646,חמדת,248
3717,חרמש,215
4005,חספין,1904
268,"טירת צבי",801
462,"טל שחר",1362
663,"טירת יהודה",1195
1177,טללים,479
1181,טל-אל,1155
1209,חרשים,315
1214,טפחות,463
2100,"טירת כרמל",21256
3743,טנא,799
3770,חשמונאים,2820
3788,טלמון,4058
6700,טבריה,43664
497,"טייבה (בעמק)",1810
498,טורעאן,13703
547,"טמרה (יזרעאל)",1553
962,טובא-זנגרייה,6530
1295,יאנוח-ג'ת,6466
2720,טירה,25721
2730,טייבה,42401
8900,טמרה,33380
46,יבנאל,4281
64,"יד רמב""ם",1085
96,יגור,1561
358,"יד מרדכי",748
452,יזרעאל,568
577,"יד בנימין",4049
758,"יד חנה",905
775,"יד נתן",626
798,יגל,946
803,יושיביה,608
1112,יודפת,829
1134,"יד השמונה",280
1144,ידידה,212
1158,יהל,206
1226,יובלים,1131
1232,יבול,345
2009,יובל,617
2660,יבנה,45483
4007,יונתן,668
9400,יהוד,29689
29,"יסוד המעלה",1697
134,יפעת,1164
409,יחיעם,663
440,יסודות,882
453,יפתח,520
575,יסעור,839
753,ינוב,926
795,יערה,742
811,יכיני,692
866,יטבתה,667
1044,יעף,308
1138,יעד,709
2011,ינון,1127
3566,יפית,164
3607,"ייט""ב",327
3749,יצהר,1553
499,יפיע,18676
183,ירקונה,368
240,"יקנעם עילית",22746
241,"יקנעם (מושבה)",1367
371,כדורי,230
417,יקום,733
576,כברי,1053
623,יראון,390
718,ירחיב,1005
759,יציץ,805
805,ישעי,767
828,ישרש,1007
831,ירוחם,9511
916,ישע,394
1227,יתד,420
2026,ירדנה,360
3647,יקיר,2056
502,ירכא,16747
504,כאבול,13649
505,"כאוכב אבו אל-היג'א",3458
3000,ירושלים,901302
57,"כנרת (קבוצה)",681
63,"כנרת (מושבה)",680
824,"כוכב מיכאל",1022
840,כיסופים,233
1153,כישור,176
1183,כליל,685
1201,כמון,1366
1210,כחל,414
1224,"כוכב יאיר",8889
1229,כלנית,220
1252,כורזים,341
1291,כמהין,176
1338,כדיתה,180
2006,כנות,433
3564,"כוכב השחר",2053
3779,"כוכב יעקב",7687
4028,כנף,459
1059,כסיפה,20250
1331,כמאנה,1453
1367,כחלה,182
76,"כפר גלעדי",670
106,"כפר גדעון",360
132,"כפר ברוך",572
177,"כפר ביל""ו",1295
192,"כפר החורש",661
220,"כפר ביאליק",871
310,"כפר גליקסון",291
357,"כפר בלום",746
364,"כפר אוריה",936
427,"כפר גלים",339
690,"כפר אחים",857
707,"כפר דניאל",725
857,"כפר אביב",800
859,כסלון,418
2010,"כפר בן נון",727
3638,"כפר אדומים",4381
3796,"כפר האורנים",2708
633,"כפר ברא",3489
978,כעביה-טבאש-חג'אג'רה,5205
1296,כסרא-סמיע,8515
112,"כפר חסידים א'",861
187,"כפר הס",1599
190,"כפר ויתקין",2005
193,"כפר חיים",623
217,"כפר הרא""ה",1499
254,"כפר המכבי",368
255,"כפר חיטים",635
320,"כפר ורבורג",1130
443,"כפר הנשיא",850
582,"כפר הנגיד",1216
609,"כפר חושן",755
696,"כפר חב""ד",6214
786,"כפר זיתים",786
888,"כפר הרי""ף",844
889,"כפר חסידים ב'",439
890,"כפר הנוער הדתי",240
1263,"כפר ורדים",5546
1297,"כפר חנניה",742
1325,"כפר זוהרים",197
4004,"כפר חרוב",400
85,"כפר יחזקאל",1176
98,"כפר מל""ל",321
140,"כפר יהושע",1211
168,"כפר יונה",22537
170,"כפר יעבץ",665
233,"כפר ידידיה",743
274,"כפר מנחם",1408
297,"כפר מסריק",821
316,"כפר נטר",1236
345,"כפר סאלד",616
387,"כפר מונש",946
673,"כפר טרומן",877
764,"כפר מרדכי",659
1095,"כפר מימון",346
6900,"כפר סבא",100039
507,"כפר יאסיף",9867
508,"כפר כמא",3284
509,"כפר כנא",21967
510,"כפר מנדא",19326
512,"כפר מצר",2688
47,"כפר תבור",4099
107,"כפר סילבר",289
189,"כפר פינס",1037
249,"כפר סירקין",1433
267,"כפר שמריהו",1872
295,"כפר רופין",442
388,"כפר קיש",564
579,"כפר ראש הנקרה",1354
605,"כפר שמאי",502
664,"כרם בן זמרה",481
743,"כפר שמואל",895
845,"כפר עזה",712
875,"כפר עבודה",240
1130,"כפר רוזנואלד (זרעית)",264
1166,"כפר רות",226
1285,כרכום,529
3488,"כפר עציון",1145
3572,"כפר תפוח",1166
634,"כפר קאסם",22743
654,"כפר קרע",18313
52,לוזית,723
88,"כרם בן שמן",89
380,"להבות הבשן",869
580,"כרם מהר""ל",746
585,לביא,620
715,"להבות חביבה",1007
768,כרמייה,631
1085,"כרם שלום",105
1094,"כרם יבנה (ישיבה)",499
1139,כרמיאל,45919
1198,כרמים,466
1207,לבון,696
1230,לבנים,421
1264,"כרמי יוסף",1707
1271,להבים,6392
1374,"כרמי קטיף",151
2023,להב,520
3656,כרמל,422
3766,"כרמי צור",1037
7000,לוד,74604
24,לכיש,731
102,"מאיר שפיה",304
573,מבקיעים,445
595,"לוחמי הגיטאות",661
674,לימן,723
771,"מבוא ביתר",944
829,מבטחים,427
1015,"מבשרת ציון",24445
1080,מבועים,1218
1141,"מבוא מודיעים",246
1171,לוטם,747
1173,לפידות,123
1255,לוטן,208
1310,לפיד,2485
1318,"מבואות ים",439
2055,מאור,1291
3569,"מבוא דותן",393
3709,"מבוא חורון",2589
4204,"מבוא חמה",398
1060,לקיה,12857
65,מגדל,1887
269,מולדת,1048
375,מגל,1103
586,מגידו,847
689,מגדים,1311
695,מגן,542
722,מגשימים,1086
874,"מגדל העמק",25371
897,"מדרשת רופין",417
1140,"מדרשת בן גוריון",1915
1155,"מגן שאול",670
1200,מודיעין-מכבים-רעות*,91328
2029,"מדרך עוז",745
3561,"מגדל עוז",605
3751,מגדלים,335
3797,"מודיעין עילית",70081
481,מגאר,22261
516,"מג'ד אל-כרום",15066
4201,"מג'דל שמס",10930
28,"מזכרת בתיה",14159
104,מזרע,717
208,"מוצא עילית",1107
606,מזור,1329
1163,מורן,456
1178,מורשת,1438
1196,"מחנה יתיר",225
3599,מחולה,537
517,מזרעה,3777
635,מוקייבלה,3915
43,מטולה,1607
164,מלאה,395
308,מחניים,739
382,מכמורת,1367
596,מלכייה,446
607,מירון,938
731,מישר,834
776,מחסיה,452
822,מטע,880
1128,"מי עמי",353
1154,מלכישוע,207
1202,מכמנים,507
1268,מיתר,7749
1282,מירב,700
2044,מלילות,320
2054,מיטב,468
3614,מכורה,136
4019,מיצר,266
649,מייסר,1945
1343,מכחול,490
48,מנחמיה,1041
197,מעברות,986
263,מסדה,378
272,"מעוז חיים",488
298,מסילות,443
347,מנרה,244
570,מעונה,966
678,מעגן,380
694,"מעגן מיכאל",1942
742,"מסילת ציון",1262
748,מסלול,859
1082,מעגלים,2043
1174,מנוף,840
1205,מנות,424
1258,מסד,377
2030,מנוחה,561
3657,מעון,560
994,"מנשית זבדה",1302
4203,מסעדה,3592
230,מעש,857
286,"מעלה החמישה",739
290,"מעיין צבי",700
344,מענית,726
416,"מעיין ברוך",649
668,מפלסים,1007
1127,"מעלה גלבוע",753
3608,"מעלה אפרים",1205
3616,"מעלה אדומים",37817
3637,"מעלה שומרון",1045
3651,"מעלה מכמש",1402
3653,"מעלה עמוס",421
3752,"מעלה לבונה",813
4008,"מעלה גמלא",488
518,מעיליא,3190
1327,"מעלה עירון",14583
1063,מעלות תרשיחא,21267
58,מצפה,139
325,מצובה,1165
757,מצליח,1339
3745,"מצדות יהודה",492
22,"מקווה ישראל",432
66,"מרחביה (קיבוץ)",1162
97,"מרחביה (מושב)",672
99,"מצפה רמון",5240
648,מצר,377
843,מרגליות,396
1098,"מרכז שפירא",2118
1190,"מצפה נטופה",966
1222,"מצפה אבי""ב",994
1340,"מרחב עם",448
1370,"מצפה אילן",390
3576,"מצפה יריחו",2394
3610,"מצפה שלם",184
4101,"מרום גולן",701
130,"משמר העמק",1254
194,"משמר השרון",582
213,משמרות,888
378,"משגב עם",329
395,"משמר הנגב",907
421,"משאבי שדה",453
425,משמרת,1066
563,"משמר דוד",806
620,"משואות יצחק",701
670,"משמר איילון",562
729,"משמר השבעה",984
732,"משמר הירדן",766
765,"משגב דב",683
791,משען,1050
1184,מתת,193
1315,מתן,3577
3605,משואה,161
3648,מתתיהו,802
3785,משכיות,276
520,משהד,8091
55,נוגה,551
80,נהלל,845
309,נהורה,1168
315,נגבה,939
396,נבטים,919
405,"נווה אילן",932
408,"נאות מרדכי",582
590,"נווה אור",347
1124,"נאות הכיכר",421
1197,"נאות סמדר",230
1366,נווה,1233
3724,נגוהות,332
4303,"נווה אטי""ב",118
4304,נוב,900
4551,"נאות גולן",594
9100,נהרייה,56071
524,נאעורה,2241
15,נועם,352
59,נחושה,1336
257,נופך,553
296,"נווה איתן",316
312,"נווה ים",241
447,נורדייה,1928
686,"נווה ימין",1186
827,"נווה מבטח",666
833,נורית,126
858,"נווה ירק",1350
1057,"נווה זוהר",60
1071,"נווה מיכאל",770
1279,"נווה חריף",116
1284,נופית,2696
1314,"נווה זיו",941
1333,"נוף איילון",2216
3725,"נווה דניאל",2370
3726,נוקדים,2160
3790,נופים,720
1259,"נווה שלום",287
174,נטעים,600
351,ניצן,2144
433,נחשולים,663
449,נחלים,1615
705,נחשונים,384
777,נחשון,551
809,נחם,529
844,"נחל עוז",385
1147,נטועה,289
1254,נטף,429
1369,נטע,491
1419,"ניצן ב'",820
2045,נחלה,682
3655,"ניל""י",1597
3767,נחליאל,663
4014,נטור,702
522,נחף,12629
523,ניין,1814
11,"ניר ח""ן",558
69,"ניר עוז",394
165,"ניר יפה",682
256,"ניר דוד (תל עמל)",704
331,"ניר צבי",1281
348,"ניר עם",553
359,ניצנים,377
402,"ניר יצחק",631
553,"ניר בנים",728
602,נירים,372
699,"ניר ישראל",870
720,"ניר גלים",1426
769,"ניר עציון",949
808,"ניר אליהו",533
851,"ניצני עוז",1112
1195,"ניצנה (קהילת חינוך)",224
1236,נירית,970
1280,"ניצני סיני",279
2047,"ניר משה",574
2048,"ניר עקיבא",793
158,נען,1643
186,נעורים,372
825,"נס הרים",1364
1143,"נס עמים",383
3620,נירן,92
3713,"נעמ""ה",135
3787,נעלה,1804
7200,"נס ציונה",49108
246,נתיבות,33779
435,"נצר סרני",782
578,סאסא,412
587,סביון*,3878
693,"נתיב הל""ה",622
792,"נתיב השיירה",494
1242,"נתיב העשרה",842
1372,"נצר חזני",419
2500,נשר,23749
3555,"נתיב הגדוד",191
7400,נתניה,214101
525,סאג'ור,4148
7300,נצרת,76551
1061,"נצרת עילית",40596
376,עברון,789
419,סעד,808
454,סער,840
610,סתרייה,1099
794,עגור,526
892,עבדון,640
1156,סמר,276
1176,ספיר,387
1238,סופה,199
2046,סגולה,741
3567,סלעית,1010
3756,סוסיה,1170
3777,סנסנה,408
526,סולם,2545
942,"סואעד (חמרייה)*",167
1245,סלמה,3222
1360,סעוה,385
7500,סח'נין,30548
32,עוצם,530
328,עזוז,76
666,עומר,7613
711,עזריה,1225
737,עולש,1110
810,עופר,651
817,עזריקם,1450
826,עוזה,408
837,עזריאל,913
1149,עזר,823
1175,עידן,387
1199,עדי,1930
2035,עדנים,471
3658,עטרת,897
528,עוזייר,3146
4501,ע'ג'ר,2559
74,"עין הוד",622
156,עיינות,352
157,"עין ורד",1476
167,"עין החורש",785
270,"עין השופט",841
273,"עין גב",664
289,"עין המפרץ",1236
367,"עין העמק",767
383,"עין הנצי""ב",618
436,"עין דור",1029
676,"עין השלושה",396
687,"עין איילה",1157
1240,"עין הבשור",1172
2042,"עין גדי",589
4503,"עין זיוון",322
511,עילוט,7942
530,עיילבון,5588
546,"עין אל-אסד",871
1320,"עין חוד",289
82,"עין חרוד (מאוחד)",739
89,"עין חרוד (איחוד)",543
139,"עין שמר",551
223,"עין עירון",573
426,"עין כרמל",921
622,"עין צורים",828
806,"עין יהב",677
813,"עין יעקב",1076
871,עינת,804
880,"עין שריד",1632
1056,"עין כרם-בי""ס חקלאי",194
1146,עלומים,487
1251,"עין תמר",184
3765,עלי,4281
514,"עין ראפה",1211
521,"עין נקובא",3284
532,"עין מאהל",12842
4502,"עין קנייא",2033
7600,עכו,48303
318,עמיעוז,217
319,עמיר,575
385,עמיעד,425
688,עלמה,698
773,עמיקם,723
779,עמינדב,1161
1212,עמוקה,139
3660,עמנואל,3440
3715,עלמון,1391
3727,"עלי זהב",2133
53,עתלית,7385
591,עשרת,983
593,ערוגות,1163
708,עמקה,748
917,"עצמון שגב",1068
1151,פארן,442
2560,ערד,25530
3617,עפרה,3607
3712,ענב,800
3748,עתניאל,1003
3778,"עץ אפרים",2204
7700,עפולה,49169
531,עראבה,24972
534,עספיא,12136
637,ערערה,24528
1192,ערערה-בנגב,16988
1246,עראמשה*,1633
1335,"ערב אל נעים",767
281,"פקיעין חדשה",507
597,פלמחים,667
749,פטיש,875
750,פדויים,494
767,פורת,1240
838,פדיה,813
1104,"פורייה - כפר עבודה",381
1105,"פורייה - נווה עובד",1183
1185,פלך,131
1313,"פורייה עילית",1081
2059,"פעמי תש""ז",540
3615,פצאל,262
3659,פסגות,1848
3723,"פני חבר",561
3768,פדואל,1746
7800,"פרדס חנה-כרכור",41142
535,פסוטה,3098
536,"פקיעין (בוקייעה)",5767
537,פוריידיס,12889
171,פרדסייה,5828
198,צופית,1294
276,"צור משה",3375
413,צאלים,471
465,צובה,628
599,פרוד,539
839,פתחיה,850
1102,"צוקי ים",281
1113,"צור הדסה",8182
1136,צוחר,443
1150,צופר,419
1180,צביה,322
1213,צבעון,159
1231,"פרי גן",241
1262,צוקים,309
1345,"צור יצחק",5541
2053,פרזון,323
3791,צופים,2188
7900,"פתח תקווה",240357
195,קדימה-צורן,21987
334,"קבוצת יבנה",991
392,קדמה,141
567,צרעה,908
594,צפרייה,912
612,צרופה,1121
613,ציפורי,974
615,קדרון,1594
774,צוריאל,323
796,צלפון,945
1079,צפרירים,436
1148,"צור נתן",310
1211,קדרים,231
1221,צורית,863
3557,קדומים,4481
3781,קדר,1590
4025,"קדמת צבי",423
8000,צפת,35276
636,צנדלה,1587
414,קלחים,638
766,קוממיות,537
1052,קטורה,476
1167,קיסריה,5127
1179,קורנית,916
1243,"קציר                ",2885
2300,"קריית טבעון",17717
2620,"קריית אונו",39398
2630,"קריית גת",53487
3601,קליה,399
3611,"קריית ארבע",7339
4024,קלע,277
4100,קצרין,7127
6800,"קריית אתא",57518
9500,"קריית ביאליק",39582
638,קלנסווה,22370
1347,"קצר א-סר",1724
26,"ראש פינה",3061
78,"קריית ענבים",459
412,"קריית שלמה",302
469,"קריית עקרון",10909
1034,"קריית מלאכי",22337
1137,"קריית יערים",4840
2039,"קריית יערים (מוסד)",305
2640,"ראש העין",50453
2800,"קריית שמונה",22844
3602,"ראש צורים",934
3640,"קרני שומרון",7369
3746,"קריית נטפים",929
4006,קשת,819
8200,"קריית מוצקין",41440
9600,"קריית ים",39710
543,ראמה,7580
990,"ראס עלי",596
1334,"ראס אל-עין",362
354,רביבים,1076
362,רוחמה,643
390,רגבה,1085
444,רגבים,449
564,רבדים,702
854,רחוב,399
1225,רביד,92
2016,רוויה,434
2051,רווחה,558
3619,רועי,168
3782,רותם,207
3795,רבבה,2389
3822,רחלים,747
8300,"ראשון לציון",249860
8400,רחובות,138379
539,רומאנה,1182
540,ריחאנייה,1199
997,"רומת הייב",1979
1161,רהט,66791
122,"רמת ישי",7697
135,"רמת דוד",494
178,"רמת יוחנן",969
184,"רמת הכובש",1082
206,"רמות השבים",1705
335,"רמת השופט",1049
372,"רמות נפתלי",557
445,"רמות מנשה",1145
616,רינתיה,1179
735,"רמות מאיר",748
922,רכסים,11838
1069,רם-און,981
2650,"רמת השרון",46019
3565,רימונים,675
3568,ריחן,265
4702,רמות,543
8600,"רמת גן",156277
542,ריינה,18702
8500,רמלה,75668
127,"רמת רחל",519
247,רשפון,1463
282,"שבי ציון",1083
324,"שאר ישוב",665
339,"רמת צבי",659
437,רשפים,969
460,"רמת רזיאל",644
713,רעים,416
789,רנן,661
1228,רקפת,1012
1260,רתמים,480
3571,"שבי שומרון",900
4701,"רמת מגשימים",634
8700,רעננה,72810
18,"שדה משה",765
27,"שדות מיכה",398
36,"שדה דוד",508
142,"שדה יעקב",1100
259,"שדה נחום",681
284,"שדה ורבורג",1489
293,"שדה יואב",462
304,"שדה אליהו",659
327,"שדות ים",1032
329,"שדה נחמיה",1215
721,"שדה אילן",574
739,"שדה עוזיהו",1528
861,"שדה אליעזר",818
885,"שדה בוקר",432
1058,"שדה ניצן",337
1223,"שדי אברהם",357
2008,"שדה יצחק",667
2049,"שדה צבי",652
913,"שבלי - אום אל-גנם",5896
1286,שגב-שלום,9897
7,שחר,848
224,"שושנת העמקים",501
306,"שדמות דבורה",703
394,שובל,754
415,שוקדה,512
456,שורש,1243
527,שזור,322
555,שדמה,622
614,שומרה,344
741,שואבה,625
761,שובה,667
865,שיבולים,329
1031,שדרות,25138
1235,שורשים,491
1265,שומרייה,720
1266,שחרות,135
1304,שוהם,20928
2015,"שדי חמד",1006
2057,"שדי תרומות",449
3578,"שדמות מחולה",652
366,שמיר,905
432,שמרת,513
439,שלוחות,464
812,שלומי,6188
856,שעלבים,1793
873,שלווה,456
1132,שניר,545
1160,שכניה,796
1165,שילת,739
1287,שני,540
1337,שמשית,2562
1364,שלומית,261
3641,שילה,3988
3784,שמעה,649
4009,שעל,255
538,שעב,6800
658,"שייח' דנון",2798
126,שריד,863
232,שפיים,1266
237,"שער העמקים",711
264,"שער הגולן",552
292,שרונה,572
398,שרשרת,296
661,"שער אפרים",1858
692,שפיר,893
763,שתולים,2002
846,שפר,386
921,"שער מנשה",586
1045,שתולה,280
1114,"שריגים (לי-און)",1076
1233,שקף,426
2062,תאשור,429
3649,שקד,936
3720,"שערי תקווה",5921
8800,שפרעם,41024
10,תירוש,502
84,"תל יוסף",550
103,"תל עדשים",1483
154,"תל מונד",12605
163,תימורים,791
287,"תל יצחק",1029
719,"תל קציר",382
1051,"תלמי אליהו",303
1083,תושייה,1005
1172,תובל,315
1237,"תלמי יוסף",321
1283,"תל תאומים",561
2003,"תלמי אלעזר",862
2050,"תלמי ביל""ו",485
2061,תדהר,615
3558,תומר,266
3719,תלם,391
1054,"תל שבע",19748
5000,"תל אביב -יפו",443939
665,תקומה,677
709,תפרח,2236
727,"תלמי יחיאל",986
744,"תלמי יפה",827
752,תעוז,598
814,תלמים,888
1244,תמרת,1275
2002,תנובות,838
3563,תקוע,3750
778,תרום,870
1346,"תרבין א-צאנע (יישוב)*",565
